,City,Cloudiness,Country,Date,Humidity,Lat,Lng,Max Temperature,Wind Speed
0,hilo,90,US,1612411136,57,19.7297,-155.09,78.8,9.22
1,busselton,0,AU,1612411136,42,-33.65,115.3333,73.0,3.0
2,seoul,0,KR,1612411136,26,37.5683,126.9778,28.4,2.3
3,yar-sale,98,RU,1612411136,91,66.8333,70.8333,-6.72,10.63
4,korla,0,CN,1612411136,75,41.7597,86.1469,33.26,3.58
5,castro,100,BR,1612411087,91,-24.7911,-50.0119,68.31,2.46
6,iqaluit,90,CA,1612411028,77,63.7506,-68.5145,-4.0,2.3
7,richards bay,100,ZA,1612411007,90,-28.783,32.0377,74.08,5.12
8,cidreira,100,BR,1612411137,92,-30.1811,-50.2056,76.08,7.49
9,saint-philippe,0,RE,1612411137,61,-21.3585,55.7679,82.99,4.61
10,cape town,20,ZA,1612410842,82,-33.9258,18.4232,68.0,14.97
11,khatanga,24,RU,1612411137,85,71.9667,102.5,-23.19,12.59
12,bengkulu,81,ID,1612410978,63,-3.8004,102.2655,85.42,6.64
13,srednekolymsk,31,RU,1612411138,88,67.45,153.6833,-14.13,4.79
14,kodiak,1,US,1612411095,80,57.79,-152.4072,32.0,6.91
15,jamestown,1,US,1612410932,86,42.097,-79.2353,23.0,16.11
16,mataura,0,NZ,1612411138,38,-46.1927,168.8643,64.33,8.48
17,rocha,100,UY,1612410986,94,-34.4833,-54.3333,66.02,7.05
18,esperance,90,AU,1612411139,42,-33.8667,121.9,64.4,17.27
19,dingle,78,PH,1612410974,77,10.9995,122.6711,82.09,15.84
20,yellowknife,90,CA,1612410973,69,62.456,-114.3525,-18.0,9.22
21,rikitea,0,PF,1612410961,71,-23.1203,-134.9692,78.06,12.66
22,totness,69,SR,1612411139,88,5.8833,-56.3167,76.96,13.02
23,vila franca do campo,20,PT,1612410988,71,37.7167,-25.4333,50.0,5.75
24,poum,16,NC,1612411139,81,-20.2333,164.0167,80.28,17.81
25,bubaque,77,GW,1612411139,64,11.2833,-15.8333,77.67,8.95
26,kijang,0,KR,1612411139,23,35.2442,129.2139,44.6,11.5
27,port alfred,46,ZA,1612411140,91,-33.5906,26.891,69.01,1.99
28,hithadhoo,64,MV,1612410955,71,-0.6,73.0833,83.14,8.05
29,vanimo,100,PG,1612411140,70,-2.6741,141.3028,83.03,3.76
30,jerez,0,GT,1612411140,87,14.1,-89.75,56.79,4.63
31,ushuaia,75,AR,1612411065,87,-54.8,-68.3,48.2,6.91
32,plainview,45,US,1612411140,72,40.7765,-73.4673,33.01,1.99
33,wahpeton,90,US,1612411140,93,46.2652,-96.6059,26.6,3.44
34,pisco,0,PE,1612410952,78,-13.7,-76.2167,71.6,6.91
35,presidencia roque saenz pena,31,AR,1612410995,97,-26.7852,-60.4388,69.01,1.99
36,luganville,100,VU,1612411141,68,-15.5333,167.1667,85.01,2.82
37,touros,0,BR,1612411141,83,-5.1989,-35.4608,77.0,6.91
38,mogadishu,36,SO,1612411141,83,2.0371,45.3438,75.7,17.4
39,hobart,40,AU,1612410869,53,-42.8794,147.3294,78.01,8.05
40,port elizabeth,0,ZA,1612410931,94,-33.918,25.5701,66.2,6.91
41,qaanaaq,0,GL,1612410927,63,77.484,-69.3632,-22.4,4.47
42,butaritari,67,KI,1612411142,83,3.0707,172.7902,81.52,15.97
43,boca do acre,92,BR,1612411142,94,-8.7522,-67.3978,74.55,0.98
44,chokurdakh,99,RU,1612411142,90,70.6333,147.9167,-2.65,15.37
45,pacific grove,20,US,1612411058,76,36.6177,-121.9166,53.01,6.82
46,cherepovets,90,RU,1612411142,93,59.1333,37.9,21.2,8.95
47,ahuimanu,86,US,1612411142,73,21.4447,-157.8378,73.4,5.06
48,wukari,67,NG,1612411142,19,7.85,9.7833,73.33,7.0
49,hasaki,20,JP,1612411142,30,35.7333,140.8333,53.6,18.41
50,longyearbyen,75,SJ,1612410971,68,78.2186,15.6401,23.0,13.8
51,norman wells,75,CA,1612411143,74,65.282,-126.8329,-38.2,5.75
52,kloulklubed,75,PW,1612410978,74,7.0419,134.2556,86.0,12.66
53,saldanha,10,ZA,1612411143,88,-33.0117,17.9442,62.6,9.22
54,hami,54,CN,1612411143,70,42.8,93.45,34.7,4.45
55,mstera,100,RU,1612411143,98,56.3789,41.92,26.92,7.16
56,arraial do cabo,0,BR,1612410990,88,-22.9661,-42.0278,76.15,22.35
57,kaeo,34,NZ,1612410991,64,-35.1,173.7833,71.74,7.47
58,kapit,100,MY,1612411144,69,2.0167,112.9333,84.6,1.16
59,santarem,20,BR,1612411144,94,-2.4431,-54.7083,75.2,4.16
60,bluff,0,NZ,1612411144,61,-46.6,168.3333,57.09,24.05
61,punta arenas,0,CL,1612411144,82,-53.15,-70.9167,55.4,12.66
62,bilibino,47,RU,1612410969,73,68.0546,166.4372,-9.87,9.78
63,provideniya,76,RU,1612410936,81,64.3833,-173.3,-8.63,15.43
64,vaini,75,TO,1612411145,79,-21.2,-175.2,84.2,6.91
65,opuwo,76,NA,1612410958,41,-18.0607,13.84,68.07,3.58
66,sorland,92,NO,1612411145,79,67.667,12.6934,35.62,27.49
67,olafsvik,100,IS,1612411145,82,64.8945,-23.7142,35.89,30.6
68,tasiilaq,69,GL,1612410972,94,65.6145,-37.6368,17.49,11.59
69,koutiala,41,ML,1612411145,19,12.3917,-5.4642,69.53,6.35
70,te anau,5,NZ,1612411146,42,-45.4167,167.7167,68.81,1.21
71,east london,20,ZA,1612410958,88,-33.0153,27.9116,69.8,8.05
72,caravelas,45,BR,1612410959,87,-17.7125,-39.2481,75.13,5.41
73,albany,62,US,1612411122,61,42.6001,-73.9662,28.0,10.0
74,char bhadrasan,0,BD,1612411146,68,23.3167,90.2167,69.8,3.44
75,weinan,0,CN,1612411146,24,34.5036,109.5089,48.0,8.95
76,dobroye,100,RU,1612411146,84,52.8678,39.8109,33.01,7.7
77,northam,2,GB,1612411147,93,51.0333,-4.2167,41.0,3.0
78,fortuna,1,US,1612410988,93,40.5982,-124.1573,45.0,3.44
79,marathon,1,US,1612411147,63,44.9,-89.7668,27.0,9.22
80,wakkanai,75,JP,1612411147,73,45.4094,141.6739,14.0,19.57
81,apricena,0,IT,1612411147,87,41.7839,15.4437,50.0,5.75
82,fomboni,78,KM,1612411147,68,-12.28,43.7425,84.18,6.26
83,ponta do sol,21,PT,1612411148,68,32.6667,-17.1,53.01,1.99
84,banamba,0,ML,1612411148,19,13.55,-7.45,66.74,7.65
85,coihaique,0,CL,1612411148,68,-45.5752,-72.0662,66.2,6.91
86,swan river,78,CA,1612411148,73,52.1058,-101.2676,14.0,11.5
87,usinsk,98,RU,1612411148,93,65.9939,57.5281,-3.95,6.2
88,codrington,100,AU,1612411148,29,-38.2667,141.9667,82.85,13.96
89,puerto ayora,19,EC,1612410927,93,-0.7393,-90.3518,77.0,1.01
90,hay river,100,CA,1612411149,77,60.8156,-115.7999,-13.0,5.75
91,rio grande,100,BR,1612410963,96,-32.035,-52.0986,68.0,5.99
92,flin flon,100,CA,1612411149,91,54.7682,-101.865,-3.55,9.04
93,najran,0,SA,1612411149,43,17.4924,44.1277,53.6,2.42
94,basavana bagevadi,0,IN,1612411149,38,16.5833,75.9667,75.09,13.62
95,tuktoyaktuk,1,CA,1612410971,66,69.4541,-133.0374,-41.8,6.91
96,sept-iles,100,CA,1612411150,80,50.2001,-66.3821,27.0,9.22
97,banjar,20,ID,1612411150,70,-8.19,114.9675,86.0,9.22
98,bambous virieux,40,MU,1612410988,88,-20.3428,57.7575,82.99,6.91
99,xining,100,CN,1612411150,61,36.6167,101.7667,29.97,1.1
100,sao joao da barra,0,BR,1612411150,85,-21.6403,-41.0511,76.95,16.82
101,nikolskoye,75,RU,1612410959,85,59.7035,30.7861,14.0,20.13
102,atuona,5,PF,1612410965,67,-9.8,-139.0333,78.49,9.48
103,tura,0,IN,1612411151,38,25.5198,90.2201,75.36,0.43
104,vossevangen,0,NO,1612411151,85,60.623,6.4229,17.01,1.99
105,warkworth,19,NZ,1612411151,61,-36.4,174.6667,79.0,1.99
106,bethel,90,US,1612411151,64,41.3712,-73.414,30.2,9.22
107,lorengau,100,PG,1612411152,74,-2.0226,147.2712,83.17,7.94
108,talnakh,99,RU,1612411152,86,69.4865,88.3972,-18.78,3.91
109,tuatapere,0,NZ,1612411152,45,-46.1333,167.6833,66.85,9.78
110,brainerd,90,US,1612411152,80,46.358,-94.2008,30.2,10.36
111,belmonte,20,BR,1612411152,73,-15.8631,-38.8828,78.8,8.05
112,petropavlovsk-kamchatskiy,40,RU,1612411152,57,53.0452,158.6483,15.8,15.66
113,sinnamary,100,GF,1612411152,85,5.3833,-52.95,77.81,14.12
114,hambantota,90,LK,1612411152,83,6.1241,81.1185,78.8,12.66
115,severo-kurilsk,100,RU,1612411153,92,50.6789,156.125,10.99,31.43
116,anadyr,40,RU,1612410963,71,64.75,177.4833,-2.2,29.08
117,atikokan,100,CA,1612411153,97,48.7555,-91.6216,21.33,4.72
118,saryg-sep,100,RU,1612411153,94,51.5,95.6,16.92,1.95
119,bonavista,100,CA,1612411153,100,48.6499,-53.1147,42.8,5.75
120,ancud,0,CL,1612410970,88,-41.8697,-73.8203,57.99,5.75
121,zhanaozen,95,KZ,1612411154,72,43.3,52.8,40.19,6.58
122,kapaa,1,US,1612411154,53,22.0752,-159.319,73.4,9.22
123,hamilton,1,US,1612410933,86,39.1834,-84.5333,26.01,1.77
124,luena,99,AO,1612411154,92,-11.7833,19.9167,61.27,3.13
125,bredasdorp,69,ZA,1612411154,77,-34.5322,20.0403,64.4,2.3
126,tikaitnagar,25,IN,1612411154,47,26.95,81.5833,65.91,4.29
127,hofn,38,IS,1612411154,91,64.2539,-15.2082,32.11,14.25
128,yorosso,52,ML,1612411155,19,12.3536,-4.7761,69.67,5.23
129,saint-francois,0,FR,1612411155,93,46.4154,3.9054,37.99,2.3
130,berlevag,100,NO,1612411155,93,70.8578,29.0864,29.5,20.42
131,mackenzie,90,CA,1612411155,85,55.2999,-123.1698,10.4,5.75
132,alenquer,20,BR,1612411155,94,-1.9417,-54.7383,75.2,5.59
133,north bend,1,US,1612411001,100,43.4065,-124.2243,44.01,3.44
134,new norfolk,58,AU,1612410934,33,-42.7826,147.0587,78.01,1.99
135,santa rosa,20,PH,1612411156,61,14.3122,121.1114,88.0,6.91
136,bathsheba,40,BB,1612411156,69,13.2167,-59.5167,78.8,25.32
137,kuli,40,RU,1612411156,75,42.0185,47.2434,39.2,6.91
138,atlantic city,90,US,1612411156,69,39.3643,-74.4229,32.0,10.36
139,san jeronimo,100,PE,1612411156,71,-11.9472,-75.2829,51.67,1.88
140,chuy,98,UY,1612410973,93,-33.6971,-53.4616,67.71,16.24
141,victoria,0,HK,1612411156,35,22.2855,114.1577,75.2,10.36
142,labuhan,99,ID,1612411157,79,-6.8844,112.2051,82.83,17.76
143,gizo,99,SB,1612411157,88,-8.103,156.8419,79.59,17.47
144,mitu,88,CO,1612411157,97,1.1983,-70.1733,72.45,0.83
145,mar del plata,20,AR,1612411157,77,-38.0023,-57.5575,66.2,10.36
146,avarua,40,CK,1612411157,74,-21.2078,-159.775,82.4,8.05
147,kaabong,10,UG,1612411157,46,3.4836,34.1492,65.55,10.22
148,gat,49,IL,1612411157,28,31.61,34.7642,57.99,6.62
149,bereda,86,ES,1612411158,89,43.2686,-7.5406,46.99,7.0
150,barrow,20,US,1612411158,85,71.2906,-156.7887,-29.2,11.5
151,westlock,91,CA,1612411158,84,54.1502,-113.8688,-14.8,4.61
152,sirjan,0,IR,1612411158,48,29.452,55.6814,44.8,6.06
153,saint george,1,US,1612411122,35,37.1041,-113.5841,55.4,4.61
154,bandrele,0,YT,1612411158,83,-12.9067,45.1914,80.6,3.44
155,poronaysk,33,RU,1612411158,86,49.2167,143.1167,-10.12,4.5
156,torbay,90,CA,1612410962,100,47.6666,-52.7314,48.2,18.41
157,puerto leguizamo,67,CO,1612411035,94,-0.1934,-74.7819,72.79,1.41
158,chadan,100,RU,1612411159,90,51.2833,91.5833,9.81,3.06
159,hermanus,56,ZA,1612411159,93,-34.4187,19.2345,62.01,4.27
160,chimbote,99,PE,1612410889,78,-9.0853,-78.5783,69.42,4.36
161,palasbari,20,IN,1612411159,68,26.1361,91.5486,64.4,6.04
162,belyy yar,0,RU,1612411159,69,53.6039,91.3903,30.2,4.47
163,alyangula,90,AU,1612411159,66,-13.8483,136.4192,89.6,6.91
164,luderitz,0,NA,1612411160,70,-26.6481,15.1594,64.69,13.65
165,ribeira grande,98,PT,1612410987,63,38.5167,-28.7,55.11,30.91
166,codajas,87,BR,1612411160,96,-3.8367,-62.0569,74.82,0.49
167,darhan,51,MN,1612411160,89,49.4867,105.9228,18.97,7.47
168,columbus,1,US,1612410937,86,39.9612,-82.9988,21.2,3.44
169,san cristobal,83,VE,1612411160,68,7.7669,-72.225,67.03,1.54
170,karanja,4,IN,1612411142,20,20.4833,77.4833,73.33,7.05
171,manturovo,100,RU,1612411160,98,58.3353,44.7619,20.14,7.2
172,sao filipe,99,CV,1612411161,78,14.8961,-24.4956,72.12,8.08
173,esmeraldas,0,BR,1612411161,60,-19.7625,-44.3139,75.2,2.3
174,baykit,94,RU,1612411161,87,61.67,96.37,-5.69,1.25
175,aykhal,100,RU,1612411161,83,66.0,111.5,-23.15,4.16
176,klyuchi,100,RU,1612411161,99,52.2667,79.1667,30.56,10.29
177,quang ngai,34,VN,1612411161,79,15.1167,108.8,74.41,8.84
178,wuwei,79,CN,1612411161,55,37.9281,102.6414,35.24,2.59
179,maragogi,9,BR,1612411162,82,-9.0122,-35.2225,76.82,6.42
180,ola,49,RU,1612411162,85,59.5833,151.2833,3.24,16.73
181,laguna,90,US,1612411162,76,38.421,-121.4238,52.0,3.44
182,upernavik,0,GL,1612411162,70,72.7868,-56.1549,-15.41,4.56
183,kavieng,29,PG,1612411162,67,-2.5744,150.7967,84.43,6.71
184,klaksvik,100,FO,1612410948,69,62.2266,-6.589,30.2,9.22
185,axim,0,GH,1612411162,87,4.8699,-2.2405,78.84,5.79
186,nazca,100,PE,1612410897,68,-14.8333,-74.95,70.12,2.48
187,acapulco,20,MX,1612411002,78,16.8634,-99.8901,80.6,3.44
188,ati,29,TD,1612411163,23,13.2154,18.3353,68.31,14.34
189,pingliang,100,CN,1612411163,51,35.5392,106.6861,39.79,2.75
190,dikson,90,RU,1612410943,91,73.5069,80.5464,-14.24,11.3
191,georgetown,20,MY,1612411163,45,5.4112,100.3354,86.0,10.36
192,cabo san lucas,20,MX,1612411163,77,22.8909,-109.9124,68.0,3.87
193,ajdabiya,0,LY,1612411163,89,30.7554,20.2263,55.92,5.97
194,saskylakh,0,RU,1612411163,77,71.9167,114.0833,-38.47,5.77
195,warrington,75,GB,1612411164,93,53.3925,-2.5802,43.0,5.75
196,avera,1,US,1612411164,75,33.194,-82.5271,35.01,3.44
197,vao,14,NC,1612411164,87,-22.6667,167.4833,78.87,15.61
198,dalbandin,0,PK,1612411164,45,28.8947,64.4101,48.11,7.0
199,san ignacio,0,BZ,1612411164,88,17.1561,-89.0714,60.8,2.19
200,mahebourg,40,MU,1612411018,88,-20.4081,57.7,77.0,6.91
201,constitucion,0,CL,1612411164,59,-35.3333,-72.4167,64.33,8.86
202,udachnyy,98,RU,1612411165,84,66.4167,112.4,-21.96,5.12
203,bayir,0,TR,1612411165,100,37.2687,28.2167,44.6,4.61
204,victor harbor,100,AU,1612411023,83,-35.5667,138.6167,66.0,3.0
205,lebu,3,CL,1612410963,91,-37.6167,-73.65,57.61,14.41
206,hirado,40,JP,1612411165,81,33.3597,129.5531,55.99,5.75
207,pemberton,100,CA,1612410979,83,50.3164,-122.8027,33.01,2.15
208,rzhanitsa,90,RU,1612411165,100,53.4284,33.923,30.2,6.71
209,maldonado,90,UY,1612411166,100,-34.6667,-54.9167,69.01,13.8
210,along,54,IN,1612411166,34,28.1667,94.7667,68.0,0.74
211,cuiluan,4,CN,1612411166,81,47.72,128.648,-5.15,9.82
212,novo aripuana,89,BR,1612411166,96,-5.1206,-60.3797,75.13,0.56
213,thompson,90,CA,1612410959,77,55.7435,-97.8558,-4.0,16.11
214,kathu,20,TH,1612411166,61,7.9178,98.3332,86.0,16.11
215,shimoda,20,JP,1612411166,46,34.6667,138.95,50.0,24.16
216,kachiry,100,KZ,1612411167,94,53.0675,76.1036,15.06,5.66
217,aklavik,24,CA,1612410972,67,68.2191,-135.0107,-40.0,2.3
218,mucurapo,41,TT,1612411167,84,10.6667,-61.5333,79.0,11.95
219,tiksi,99,RU,1612411167,86,71.6872,128.8694,-24.9,2.26
220,isangel,57,VU,1612411167,69,-19.55,169.2667,83.01,12.1
221,pacifica,90,US,1612411167,87,37.6138,-122.4869,51.01,8.05
222,finschhafen,100,PG,1612411167,70,-6.6024,147.8681,85.86,8.68
223,houston,90,US,1612411102,88,29.7633,-95.3633,61.0,12.66
224,damietta,20,EG,1612411168,72,31.4165,31.8133,64.4,4.61
225,mioveni,98,RO,1612411168,79,44.9566,24.9378,43.0,4.36
226,saint-pierre,0,RE,1612410931,61,-21.3393,55.4781,82.4,4.61
227,nanortalik,68,GL,1612411168,80,60.1432,-45.2371,13.89,12.97
228,bandundu,100,CD,1612411168,93,-3.3167,17.3667,72.93,2.42
229,pushkino,90,RU,1612410874,86,56.0172,37.8667,28.4,8.95
230,san patricio,40,US,1612410971,88,28.017,-97.5169,66.0,17.27
231,nhulunbuy,90,AU,1612411168,94,-12.2333,136.7667,78.8,12.66
232,sorso,0,IT,1612411169,77,40.8,8.5772,57.2,6.91
233,priargunsk,92,RU,1612411169,87,50.3691,119.1012,-15.25,2.68
234,bageshwar,66,IN,1612411169,28,29.85,79.7667,60.35,1.14
235,hobyo,71,SO,1612411169,73,5.3505,48.5268,77.04,18.66
236,salalah,0,OM,1612410989,55,17.0151,54.0924,62.6,4.61
237,leningradskiy,11,RU,1612411169,85,69.3833,178.4167,-26.52,6.85
238,guerrero negro,84,MX,1612410983,77,27.9769,-114.0611,61.97,16.31
239,kampot,40,KH,1612411170,65,10.6167,104.1833,84.2,5.75
240,harper,9,LR,1612411170,88,4.375,-7.7169,78.17,6.76
241,mansa,80,IN,1612411170,65,29.9833,75.3833,59.81,6.91
242,souillac,40,MU,1612411170,88,-20.5167,57.5167,77.0,6.91
243,burdur,0,TR,1612411169,100,37.7203,30.2908,33.8,5.75
244,mana,95,GF,1612411170,86,5.6592,-53.7767,77.52,12.97
245,airai,100,TL,1612410976,100,-8.9266,125.4092,61.92,3.49
246,ambon,40,ID,1612411171,55,-3.6954,128.1814,91.4,11.5
247,ixtapa,1,MX,1612411012,88,20.7,-105.2,70.0,2.3
248,lac du bonnet,100,CA,1612411171,100,50.2536,-96.0612,26.01,5.99
249,dongkan,32,CN,1612411171,50,33.9997,119.8308,46.67,7.31
250,malabuyoc,40,PH,1612411171,70,9.6525,123.3252,84.2,9.22
251,tongzhou,0,CN,1612411171,19,39.9053,116.5994,41.0,2.24
252,heihe,0,CN,1612411172,38,50.2441,127.4902,-4.0,6.71
253,lavrentiya,0,RU,1612411172,82,65.5833,-171.0,-17.93,14.29
254,naze,75,JP,1612411172,55,28.3667,129.4833,62.6,8.05
255,amreli,3,IN,1612411172,40,21.6167,71.2333,72.09,6.62
256,benguela,4,AO,1612411172,80,-12.5763,13.4055,73.06,0.47
257,cap malheureux,5,MU,1612411172,73,-19.9842,57.6142,82.99,5.99
258,great yarmouth,40,GB,1612411172,93,52.6083,1.7305,37.99,3.44
259,peace river,40,CA,1612411173,77,56.2501,-117.286,-13.0,8.05
260,orlik,97,RU,1612411173,88,52.5178,99.825,19.09,14.23
261,porto novo,40,BJ,1612411173,84,6.4965,2.6036,84.2,8.05
262,nelson bay,0,AU,1612411173,54,-32.7167,152.15,82.99,12.66
263,ostrovnoy,100,RU,1612410994,94,68.0531,39.5131,10.35,11.43
264,buraydah,0,SA,1612411173,54,26.326,43.975,57.2,12.73
265,brake,100,DE,1612411173,100,53.3333,8.4833,34.0,4.0
266,los cedrales,75,PY,1612411174,100,-25.65,-54.7,75.2,2.3
267,kudahuvadhoo,96,MV,1612410945,79,2.6708,72.8944,81.63,15.86
268,talaya,100,RU,1612411174,84,61.3833,152.75,-18.44,9.26
269,gangapur,78,IN,1612411174,35,26.4833,76.7167,68.45,10.69
270,kuryk,92,KZ,1612411174,72,43.2,51.65,43.56,6.33
271,sibolga,7,ID,1612411018,55,1.7427,98.7792,88.66,2.17
272,shizuishan,4,CN,1612411174,50,39.2333,106.7694,37.33,2.89
273,zanjan,0,IR,1612411175,86,36.6736,48.4787,24.8,4.61
274,toluviejo,3,CO,1612411175,80,9.4508,-75.4386,75.43,9.08
275,vikindu,20,TZ,1612411175,94,-7.0067,39.2985,77.0,2.37
276,kibaha,20,TZ,1612411175,94,-6.7667,38.9167,77.0,2.15
277,haines junction,97,CA,1612410973,76,60.7522,-137.5108,-20.2,1.14
278,wajima,75,JP,1612411175,80,37.4,136.9,35.6,12.66
279,tiznit,55,MA,1612410992,40,29.5833,-9.5,62.26,2.62
280,banda aceh,5,ID,1612411106,68,5.5577,95.3222,84.07,14.85
281,alta floresta,90,BR,1612411176,92,-9.8756,-56.0861,72.14,1.43
282,dromolaxia,75,CY,1612411176,77,34.8761,33.586,62.6,12.66
283,atar,94,MR,1612411176,26,20.5169,-13.0499,63.41,0.96
284,spring hill,1,US,1612410935,86,28.4769,-82.5255,39.99,4.9
285,englehart,1,CA,1612411176,85,47.8169,-79.8664,14.0,10.36
286,alpena,1,US,1612411176,79,45.0617,-83.4327,19.99,3.44
287,inhambane,84,MZ,1612411176,90,-23.865,35.3833,78.03,4.5
288,port hedland,75,AU,1612411177,58,-20.3167,118.5667,89.6,14.97
289,kazanskoye,45,RU,1612411177,93,55.6448,69.235,3.0,4.65
290,talakan,88,RU,1612411177,81,50.3167,130.3667,-13.76,8.32
291,bergerac,0,FR,1612411177,100,44.8333,0.5,52.0,4.61
292,tres picos,0,MX,1612411177,53,15.8667,-93.5333,72.55,4.83
293,dicabisagan,55,PH,1612411016,80,17.0818,122.4157,75.43,8.59
294,elgin,1,US,1612411177,74,42.0373,-88.2812,28.0,10.36
295,tashtyp,95,RU,1612411178,94,52.7939,89.8983,31.5,17.81
296,vytegra,100,RU,1612411178,97,61.0064,36.4481,16.11,1.97
297,ojinaga,1,MX,1612411178,29,29.5667,-104.4167,64.4,9.22
298,vardo,40,NO,1612411178,74,70.3705,31.1107,24.8,16.11
299,guadalupe y calvo,100,MX,1612411178,55,26.1,-106.9667,45.79,2.98
300,gadarwara,0,IN,1612411178,19,22.9167,78.7833,74.19,2.08
301,snyder,6,US,1612411179,32,32.7179,-100.9176,64.4,12.66
302,teya,100,RU,1612411179,91,60.3778,92.6267,5.02,4.27
303,nishihara,40,JP,1612411035,34,26.1842,127.7558,71.6,10.36
304,umm kaddadah,0,SD,1612411179,22,13.6017,26.6876,68.43,20.11
305,port hardy,90,CA,1612411179,93,50.6996,-127.4199,41.0,3.44
306,awjilah,0,LY,1612411179,89,29.1081,21.2869,52.92,9.48
307,paamiut,0,GL,1612411179,72,61.994,-49.6678,10.62,5.99
308,pativilca,98,PE,1612411180,82,-10.7,-77.7833,69.01,3.96
309,konevo,100,RU,1612411180,97,62.1215,39.3192,16.0,4.43
310,nome,20,US,1612411001,64,64.5011,-165.4064,-7.6,5.75
311,wuda,0,CN,1612411180,51,39.4994,106.7117,37.81,15.61
312,frederikshavn,40,DK,1612411180,80,57.4407,10.5366,23.0,11.5
313,san quintin,57,MX,1612411180,80,30.4833,-115.95,60.08,10.63
314,gawler,90,AU,1612410928,79,-34.6,138.7333,66.99,5.01
315,sakakah,75,SA,1612411181,63,29.9697,40.2064,62.6,17.27
316,nikel,75,RU,1612411181,93,69.4128,30.222,24.8,10.36
317,lake havasu city,1,US,1612410951,22,34.4839,-114.3224,68.0,3.44
318,cam ranh,40,VN,1612411181,61,11.9214,109.1591,80.6,14.97
319,camapua,100,BR,1612411181,82,-19.5314,-54.0439,75.06,3.89
320,natal,40,BR,1612411181,78,-5.795,-35.2094,78.8,9.22
321,kosmach,100,UA,1612411182,82,48.7509,24.3673,41.32,8.37
322,broken hill,100,AU,1612411093,16,-31.95,141.4333,87.8,14.97
323,mangrol,0,IN,1612411182,65,21.1167,70.1167,70.47,11.48
324,luis correia,40,BR,1612411182,78,-2.8792,-41.6669,79.11,15.73
325,dawlatabad,0,AF,1612411182,66,36.4141,64.9053,45.95,1.72
326,lockport,1,US,1612411182,86,41.5895,-88.0578,28.4,10.36
327,warwick,90,US,1612411052,64,41.7001,-71.4162,33.8,8.05
328,puerto cabezas,0,NI,1612411182,79,14.0351,-83.3888,69.4,10.02
329,hailey,1,US,1612411182,86,43.5196,-114.3153,21.2,8.05
330,meulaboh,50,ID,1612411183,63,4.1363,96.1285,86.02,1.92
331,cayenne,75,GF,1612410965,83,4.9333,-52.3333,80.6,12.66
332,santa maria,90,BR,1612410994,100,-29.6842,-53.8069,68.0,13.8
333,oni,96,GE,1612411183,59,42.5794,43.4425,42.15,3.78
334,aitape,100,PG,1612411183,83,-3.1374,142.3475,79.41,5.21
335,los alamos,75,US,1612411183,53,35.8881,-106.307,51.8,20.71
336,huangnihe,28,CN,1612411183,80,43.5583,128.0239,1.98,12.8
337,atherton,100,GB,1612411183,90,53.5237,-2.4935,43.0,1.99
338,kerman,0,IR,1612411184,38,30.2832,57.0788,21.2,1.32
339,port macquarie,3,AU,1612411184,51,-31.4333,152.9167,84.99,4.0
340,pevek,0,RU,1612411184,76,69.7008,170.3133,-8.37,11.45
341,port lincoln,100,AU,1612411184,84,-34.7333,135.8667,56.98,18.75
342,changli,0,CN,1612411184,65,39.7042,119.1506,37.99,15.52
343,arco,81,IT,1612411184,89,45.9177,10.8867,42.01,2.98
344,huarmey,89,PE,1612411184,76,-10.0681,-78.1522,70.23,5.21
345,fukue,40,JP,1612410963,66,32.6881,128.8419,51.8,16.11
346,waipawa,1,NZ,1612411185,63,-41.4122,175.5153,64.0,24.16
347,medicine hat,20,CA,1612411014,71,50.0501,-110.6683,3.0,5.75
348,ust-omchug,99,RU,1612411185,86,61.15,149.6333,-11.99,12.17
349,pervomayskoye,98,RU,1612411185,95,43.919,46.7102,40.01,5.08
350,mkushi,96,ZM,1612411185,93,-13.6202,29.3939,61.72,0.85
351,port maria,10,JM,1612411185,90,18.3685,-76.8895,70.0,1.01
352,magallon,75,ES,1612411186,82,41.8294,-1.4145,55.99,3.44
353,hirara,40,JP,1612411186,53,24.8,125.2833,71.6,12.66
354,zanesville,1,US,1612411186,68,39.9404,-82.0132,21.2,3.56
355,cherskiy,22,RU,1612411186,73,68.75,161.3,1.6,9.13
356,ahipara,6,NZ,1612410969,63,-35.1667,173.1667,71.4,3.02
357,xihe,41,CN,1612411186,35,31.6864,113.4659,57.52,6.15
358,qorveh,0,IR,1612411186,72,35.1664,47.8045,34.95,4.16
359,nemuro,40,JP,1612410929,45,43.3236,145.575,19.4,9.22
360,flinders,60,AU,1612410994,73,-34.5833,150.8552,78.01,14.0
361,carballo,5,ES,1612411187,87,43.213,-8.691,48.0,7.52
362,male,75,MV,1612411187,74,4.1748,73.5089,84.2,19.57
363,oktyabrskiy,99,RU,1612411187,98,54.4815,53.471,27.34,6.15
364,ayia galini,40,GR,1612411187,87,35.1,24.6833,53.6,3.44
365,coahuayana,27,MX,1612411010,88,18.7333,-103.6833,70.5,2.73
366,oussouye,0,SN,1612411187,83,12.485,-16.5469,69.8,2.3
367,chabahar,0,IR,1612411187,33,25.2919,60.643,67.75,13.69
368,salinopolis,49,BR,1612411188,83,-0.6136,-47.3561,80.22,11.36
369,marsa matruh,40,EG,1612411188,88,31.3525,27.2453,60.8,13.8
370,cockburn town,54,TC,1612411188,55,21.4612,-71.1419,73.15,5.55
371,edea,75,CM,1612411188,90,3.8,10.1333,76.46,1.68
372,olutanga,51,PH,1612411188,71,7.3106,122.8464,81.3,0.85
373,blackwater,51,AU,1612411188,40,-23.5833,148.8833,90.7,13.04
374,enumclaw,97,US,1612411188,91,47.2043,-121.9915,42.01,3.0
375,arman,86,RU,1612411188,82,59.7,150.1667,2.52,20.47
376,north branch,100,US,1612411189,89,45.5113,-92.9802,30.99,8.99
377,talas,75,TR,1612411189,93,38.6908,35.5538,33.8,2.3
378,burnie,100,AU,1612411004,66,-41.0667,145.9167,70.0,10.0
379,mattru,0,SL,1612411189,90,7.6244,-11.8332,74.46,1.52
380,port hawkesbury,90,CA,1612411189,93,45.6169,-61.3485,42.8,9.22
381,kysyl-syr,100,RU,1612411189,82,63.8986,122.7617,-31.92,8.61
382,ust-maya,64,RU,1612411190,77,60.4167,134.5333,-37.89,1.74
383,sistranda,20,NO,1612411190,73,63.7256,8.834,14.0,9.22
384,kholodnyy,100,RU,1612411190,87,62.7167,147.95,-8.59,7.4
385,praia da vitoria,75,PT,1612410967,71,38.7333,-27.0667,51.8,30.27
386,ust-kuyga,80,RU,1612411190,79,70.0167,135.6,-38.07,5.61
387,yarada,0,IN,1612411190,47,17.65,83.2667,77.0,3.44
388,port blair,47,IN,1612411190,69,11.6667,92.75,82.71,14.54
389,mount gambier,95,AU,1612411016,29,-37.8333,140.7667,78.8,17.27
390,kaitangata,0,NZ,1612410929,63,-46.2817,169.8464,55.99,11.01
391,leninsk,75,RU,1612411191,100,48.7119,45.1994,42.8,8.95
392,katsuura,20,JP,1612410938,37,35.1333,140.3,53.01,31.07
393,sabang,12,ID,1612411191,76,5.8933,95.3214,81.61,23.31
394,tarakan,40,ID,1612411191,74,3.3,117.6333,86.0,9.22
395,sitka,90,US,1612410944,75,57.0531,-135.33,37.4,4.45
396,skeldon,89,GY,1612411191,91,5.8833,-57.1333,75.74,8.05
397,bela,1,IN,1612411191,44,25.9333,81.9833,66.58,2.91
398,samdari,0,IN,1612411192,30,25.8167,72.5833,68.43,2.73
399,lom sak,0,TH,1612411192,41,16.7798,101.2422,80.6,9.22
400,scarborough,100,GB,1612411192,95,54.2797,-0.4044,39.0,3.0
401,uyovu,30,TZ,1612411192,97,-3.2833,31.5258,60.76,3.02
402,myrtle beach,1,US,1612410909,52,33.6891,-78.8867,39.2,5.75
403,luanda,20,AO,1612411104,83,-8.8368,13.2343,78.8,4.61
404,kuching,40,MY,1612411193,100,1.55,110.3333,77.0,6.91
405,kenai,90,US,1612411029,86,60.5544,-151.2583,17.6,9.22
406,abu dhabi,75,AE,1612410967,94,24.4667,54.3667,62.6,2.3
407,parlakimidi,0,IN,1612411193,31,18.7667,84.0833,78.13,1.63
408,mokhotlong,65,LS,1612411193,85,-29.2894,29.0675,52.16,0.56
409,stornoway,75,GB,1612411193,70,58.2093,-6.3865,37.4,18.41
410,hualmay,95,PE,1612411194,81,-11.0964,-77.6139,69.44,6.46
411,san policarpo,40,PH,1612411194,73,12.1791,125.5072,83.34,12.5
412,porto velho,20,BR,1612411194,94,-8.7619,-63.9039,77.0,2.3
413,narsaq,20,GL,1612411194,48,60.9167,-46.05,12.2,4.61
414,puerto baquerizo moreno,16,EC,1612411194,87,-0.9,-89.6,76.17,9.6
415,casalpusterlengo,97,IT,1612411194,95,45.1769,9.6491,43.0,6.82
416,kamina,93,CD,1612411195,97,-8.7386,24.9906,61.48,3.11
417,high level,90,CA,1612411195,84,58.5169,-117.136,-14.8,2.21
418,porto santo,40,PT,1612410983,82,33.072,-16.3415,55.4,6.91
419,itarema,100,BR,1612411195,81,-2.9248,-39.9167,78.96,12.77
420,mount isa,40,AU,1612411195,30,-20.7333,139.5,98.6,12.66
421,la ronge,100,CA,1612411195,78,55.1001,-105.2842,5.0,8.05
422,sabya,20,SA,1612411195,83,17.1495,42.6254,71.6,6.91
423,de-kastri,3,RU,1612411196,77,51.4667,140.7833,-9.63,7.07
424,saint-georges,20,GD,1612411196,78,12.0564,-61.7485,80.6,23.02
425,sulangan,97,PH,1612411196,78,11.1373,123.7228,81.07,11.63
426,contamana,100,PE,1612411196,83,-7.3333,-75.0167,77.68,1.52
427,san francisco,40,US,1612411039,71,37.7749,-122.4194,53.6,10.36
428,carthage,20,TN,1612411196,93,36.8611,10.3316,51.8,5.75
429,laurel,1,US,1612411187,64,39.0993,-76.8483,35.01,9.22
430,del rio,1,US,1612411197,40,29.3627,-100.8968,69.8,9.22
431,cherkasskoye,100,RU,1612411197,97,52.4333,47.2167,33.03,5.57
432,roma,90,US,1612411197,74,43.2128,-75.4557,26.6,3.44
433,adrar,71,MR,1612411009,25,20.5022,-10.0711,65.82,5.46
434,grindavik,0,IS,1612410937,75,63.8424,-22.4338,33.8,27.63
435,ulaanbaatar,0,MN,1612411080,72,47.9077,106.8832,3.2,2.95
436,trairi,99,BR,1612411197,79,-3.2778,-39.2689,78.33,8.5
437,sirhind,66,IN,1612410919,65,30.6456,76.3825,60.22,9.17
438,phan thiet,19,VN,1612410900,45,10.9333,108.1,83.91,7.54
439,nikolayevsk-na-amure,5,RU,1612411198,80,53.1406,140.73,-14.37,16.58
440,luancheng,100,CN,1612411198,22,37.8792,114.6517,41.0,4.47
441,handlova,100,SK,1612411198,100,48.7276,18.7601,42.01,5.53
442,canton,0,CN,1612410969,53,23.1167,113.25,73.4,2.24
443,rustenburg,45,ZA,1612411198,84,-25.6676,27.2421,63.37,2.57
444,general roca,0,AR,1612410981,60,-39.0333,-67.5833,69.8,3.44
445,sur,0,OM,1612411199,58,22.5667,59.5289,71.47,5.35
446,ibra,0,OM,1612411199,57,22.6906,58.5334,64.54,2.3
447,walvis bay,73,NA,1612411199,91,-22.9575,14.5053,63.07,5.86
448,leshukonskoye,100,RU,1612411199,93,64.8989,45.7622,1.35,6.22
449,kahului,1,US,1612411200,68,20.8947,-156.47,68.0,19.57
450,kodinsk,92,RU,1612411200,90,58.6881,99.1844,-1.17,2.66
451,carnarvon,90,AU,1612411200,100,-24.8667,113.6333,82.4,27.63
452,zamora,32,EC,1612411200,72,-4.0692,-78.9567,67.05,1.88
453,eureka,49,US,1612411202,80,40.8021,-124.1637,46.0,1.01
454,padang,40,ID,1612411203,66,-0.9492,100.3543,86.0,4.61
455,srandakan,94,ID,1612411203,62,-7.9386,110.2506,87.08,7.23
456,asosa,1,ET,1612411205,34,10.0667,34.5333,66.2,2.82
457,itapetininga,100,BR,1612411206,83,-23.5917,-48.0531,71.87,1.86
458,cairns,90,AU,1612410917,66,-16.9167,145.7667,87.8,9.22
459,lompoc,1,US,1612411208,71,34.6391,-120.4579,53.6,10.36
460,livingstone,100,ZM,1612411209,95,-17.8419,25.8543,66.96,5.08
461,maumere,98,ID,1612411210,84,-8.6199,122.2111,78.76,6.22
462,nioro,93,GM,1612411017,24,13.35,-15.75,70.47,1.77
463,alofi,90,NU,1612411211,89,-19.0595,-169.9187,80.6,5.75
464,gazanjyk,100,TM,1612411211,55,39.2446,55.5154,46.53,0.83
465,bensonville,20,LR,1612411212,100,6.4461,-10.6125,75.2,3.09
466,manbij,75,SY,1612411212,76,36.5281,37.9549,44.6,6.91
467,pangnirtung,80,CA,1612411005,78,66.1451,-65.7125,-9.94,1.83
468,dubrovnik,20,HR,1612411213,81,42.6481,18.0922,50.0,10.36
469,mayo,1,US,1612411213,52,38.8876,-76.5119,37.4,9.22
470,loikaw,0,MM,1612411213,19,19.6742,97.2094,81.64,1.99
471,emba,100,KZ,1612411213,97,48.8264,58.1442,29.84,5.1
472,mahajanga,20,MG,1612411213,94,-15.7167,46.3167,75.2,4.61
473,shenjiamen,0,CN,1612411213,80,29.9576,122.298,49.93,11.61
474,choix,92,MX,1612411214,35,26.7092,-108.3219,69.66,2.91
475,college,90,US,1612411213,71,64.8569,-147.8028,-5.8,3.44
476,peniche,100,PT,1612411214,91,39.3558,-9.3811,54.0,6.6
477,los llanos de aridane,75,ES,1612411215,82,28.6585,-17.9182,62.6,5.75
478,bardiyah,3,LY,1612411216,85,31.7561,25.0865,57.9,13.15
479,nabire,91,ID,1612411216,67,-3.3667,135.4833,84.97,5.06
480,kinshasa,98,CD,1612411100,88,-4.3246,15.3215,77.0,2.3
481,iranshahr,0,IR,1612411216,27,27.2025,60.6848,48.2,4.61
482,ichinoseki,90,JP,1612411217,93,38.9167,141.1333,21.2,12.66
483,martil,52,MA,1612411217,93,35.6166,-5.2752,51.8,5.75
484,deputatskiy,94,RU,1612411217,88,69.3,139.9,-24.79,1.7
485,chapais,1,CA,1612411217,62,49.7834,-74.8492,15.8,3.44
486,rawson,7,AR,1612411029,59,-43.3002,-65.1023,69.46,14.56
487,nuuk,20,GL,1612411016,66,64.1835,-51.7216,6.8,9.22
488,grand gaube,0,MU,1612411218,73,-20.0064,57.6608,82.99,5.99
489,krasnoselkup,98,RU,1612411218,91,65.7,82.4667,-8.28,5.79
490,gondar,0,ET,1612411218,34,12.6,37.4667,56.82,5.19
491,calarasi,100,MD,1612411218,100,47.2544,28.3081,37.4,9.22
492,roswell,1,US,1612411219,48,34.0232,-84.3616,37.4,3.44
493,half moon bay,90,US,1612410966,87,37.4636,-122.4286,51.01,8.05
494,la jagua del pilar,98,CO,1612411219,71,10.5102,-73.071,75.92,6.58
495,fairview,75,US,1612411220,64,40.8126,-73.999,30.99,11.5
496,bad neuenahr-ahrweiler,72,DE,1612411220,86,50.55,7.1,43.0,1.99
497,gorgan,90,IR,1612411220,100,36.8387,54.4348,37.4,1.77
498,marshalltown,20,US,1612411220,93,42.0494,-92.908,32.0,16.11
499,carpina,40,BR,1612411221,69,-7.8508,-35.2547,78.8,6.91
500,oranjemund,26,NA,1612411221,94,-28.55,16.4333,60.62,6.06
501,harsin,40,IR,1612411222,64,34.2721,47.5861,32.0,1.88
502,halifax,100,CA,1612411027,100,44.6453,-63.5724,39.99,3.44
503,puerto colombia,20,CO,1612411222,88,10.9878,-74.9547,77.0,14.97
504,noormarkku,0,FI,1612411222,85,61.5927,21.8685,6.8,6.91
505,faanui,99,PF,1612411027,78,-16.4833,-151.75,78.24,10.04
506,sioux lookout,90,CA,1612411223,80,50.1001,-91.917,28.4,5.75
507,biak,99,ID,1612411223,73,-0.9131,122.8766,80.42,2.93
508,maniitsoq,9,GL,1612411223,73,65.4167,-52.9,2.07,9.06
509,ugoofaaru,63,MV,1612411193,73,5.6667,73.0,81.41,12.77
510,pueblo nuevo,52,MX,1612411223,61,23.3833,-105.3833,52.25,4.54
511,lima,0,PE,1612411224,83,-12.0432,-77.0282,73.99,11.5
512,aquiles serdan,1,MX,1612411224,88,17.7833,-92.2833,62.6,4.41
513,tessalit,0,ML,1612411224,24,20.1986,1.0114,64.53,15.86
514,sandy bay,40,AU,1612411224,53,-42.913,147.3532,78.01,8.05
515,pimenta bueno,100,BR,1612411225,92,-11.6725,-61.1936,74.98,1.61
516,sao jose da coroa grande,6,BR,1612411225,81,-8.8978,-35.1478,77.11,6.38
517,goderich,0,CA,1612410931,85,43.7501,-81.7165,6.8,3.44
518,gubskaya,100,RU,1612411225,57,44.3164,40.6358,45.79,3.49
519,alice springs,0,AU,1612411225,16,-23.7,133.8833,100.4,21.85
520,cedar city,90,US,1612411226,60,37.6775,-113.0619,39.2,13.8
521,bhakkar,2,PK,1612411226,49,31.6253,71.0657,59.11,5.48
522,presidente medici,99,BR,1612411226,88,-11.1753,-61.9014,74.75,0.89
523,constantine,61,DZ,1612411226,44,36.365,6.6147,51.19,5.46
524,lundazi,94,ZM,1612411227,93,-12.2929,33.1782,64.2,4.18
525,skjervoy,100,NO,1612411227,88,70.0311,20.9714,33.3,16.28
526,tateyama,20,JP,1612411227,37,34.9833,139.8667,53.01,31.07
527,fairbanks,90,US,1612411211,77,64.8378,-147.7164,-5.8,5.75
528,kieta,64,PG,1612411217,76,-6.2167,155.6333,83.98,10.58
529,baruun-urt,30,MN,1612411228,90,46.6806,113.2792,10.69,16.64
530,nizhnyaya omka,0,RU,1612411228,94,55.4338,74.9426,2.1,7.43
531,piraju,100,BR,1612411228,84,-23.1936,-49.3839,73.35,1.57
532,pondicherry,67,IN,1612411229,66,11.93,79.83,77.45,9.73
533,methoni,20,GR,1612411229,100,36.8197,21.7049,52.0,5.75
534,ossora,100,RU,1612410967,93,59.2353,163.0719,22.66,14.5
535,golyshmanovo,43,RU,1612411229,93,56.3979,68.3728,2.08,6.24
536,la reforma,99,MX,1612411230,82,25.0833,-108.05,63.0,6.76
537,binzhou,38,CN,1612411230,24,37.3667,118.0167,48.0,3.0
538,calabozo,8,VE,1612411230,55,8.9242,-67.4293,82.24,6.24
539,okha,29,RU,1612411230,79,53.5739,142.9478,-18.26,18.9
540,pueblo,1,US,1612411179,46,38.2545,-104.6091,48.2,11.74
541,lakhdenpokhya,99,RU,1612411231,95,61.5198,30.1992,15.01,10.27
542,broome,75,US,1612411231,58,42.2506,-75.833,28.0,11.5
543,maltahohe,10,NA,1612411232,33,-24.8333,16.9833,71.42,10.42
544,giarmata,40,RO,1612411232,100,45.8383,21.3108,48.99,9.22
545,palu,100,ID,1612411233,58,-0.8917,119.8707,87.15,4.45
546,tabou,10,CI,1612411233,90,4.423,-7.3528,77.9,6.73
547,boralday,90,KZ,1612411233,93,43.3578,76.8594,24.8,4.47
548,geraldton,40,AU,1612411233,39,-28.7667,114.6,82.4,26.46
549,charters towers,64,AU,1612411042,50,-20.1,146.2667,88.5,10.36
550,saint anthony,90,US,1612411026,80,45.0205,-93.218,30.99,10.36
551,prachuap khiri khan,17,TH,1612411234,65,12.2167,99.75,84.2,3.44
